customer_id,age,gender,city,subscription_type,signup_date,monthly_spend,satisfaction_score,review_text,churned
100642,46.0,female,Санкт-Петербург,standard,2024-03-11,860.6298995927629,3.0,Доставка была средней скорости,0
100303,48.0,male,Санкт-Петербург,standard,2021-05-29,946.2156011907269,5.0,"Быстрая доставка, буду заказывать ещё",0
100370,48.0,male,Москва,premium,2024-06-28,2578.4389486596615,5.0,"Прекрасное качество товара, рекомендую",0
100494,43.0,male,Нижний Новгород,basic,2021-12-31,854.2063607159726,5.0,"Очень доволен покупкой, спасибо магазину",0
100580,42.0,female,Санкт-Петербург,basic,2021-12-23,1126.989978560051,3.0,Доставка была средней скорости,0
100055,32.0,male,Москва,standard,2021-04-09,2207.276773834397,5.0,,0
100646,,male,Екатеринбург,basic,2024-07-01,1113.6798928169637,4.0,"Быстрая доставка, буду заказывать ещё",1
100258,33.0,female,Новосибирск,standard,2024-03-10,1409.0666013087,1.0,Обслуживание оставляет желать лучшего,0
100082,30.0,male,Казань,basic,2021-04-13,1287.5360395468406,4.0,"Отличный сервис, всё понравилось!",0
100479,38.0,male,Екатеринбург,standard,2024-05-15,984.7114010902405,5.0,Рекомендую этот магазин всем друзьям,0
100056,30.0,male,Новосибирск,basic,2022-10-24,,3.0,Товар в целом соответствует описанию,0
100640,44.0,female,Екатеринбург,basic,2022-04-19,892.3335955004561,5.0,"Отличный сервис, всё понравилось!",0
100482,55.0,male,Санкт-Петербург,basic,2023-03-25,872.7444523880793,4.0,Рекомендую этот магазин всем друзьям,0
100078,40.0,female,Москва,basic,2024-03-22,806.7984188199058,1.0,Не рекомендую этот магазин никому,1
100236,30.0,female,Казань,premium,2022-06-11,3860.1463851286526,5.0,Рекомендую этот магазин всем друзьям,0
100278,25.0,other,Москва,premium,2024-10-11,2580.9341056281637,2.0,"Ужасный опыт, больше не закажу",1
100305,37.0,female,Казань,basic,2023-02-10,602.759528862187,4.0,Рекомендую этот магазин всем друзьям,0
100631,57.0,female,Москва,basic,2021-07-11,785.5778605387685,2.0,Не рекомендую этот магазин никому,0
100091,46.0,male,Новосибирск,premium,2022-02-21,3079.957360774511,5.0,"Отличный сервис, всё понравилось!",0
100458,28.0,other,Москва,standard,2024-10-03,895.2333952629533,2.0,"Долго ждал доставку, очень разочарован",0
100193,33.0,male,Москва,standard,2023-09-02,2103.0541972562814,2.0,Не рекомендую этот магазин никому,1
100221,35.0,male,Екатеринбург,standard,2021-03-25,1663.2632449651935,4.0,Рекомендую этот магазин всем друзьям,1
100391,16.0,female,Новосибирск,basic,2023-06-10,293.6118447488068,3.0,"Нормально, но есть куда расти",1
100146,33.0,male,Москва,basic,2024-06-25,504.9182246336965,4.0,"Быстрая доставка, буду заказывать ещё",0
100165,48.0,female,Казань,basic,2023-03-27,575.7826246044897,5.0,"Очень доволен покупкой, спасибо магазину",0
100119,57.0,male,Новосибирск,basic,2022-06-10,688.9948678537219,4.0,"Отличный сервис, всё понравилось!",0
100064,45.0,male,Нижний Новгород,basic,2021-06-04,,3.0,"Нормально, но есть куда расти",1
100520,58.0,male,Санкт-Петербург,standard,2021-02-05,47000.0,3.0,Товар в целом соответствует описанию,0
100275,57.0,male,Москва,standard,2021-02-09,1862.4001756559128,4.0,Рекомендую этот магазин всем друзьям,0
100590,57.0,male,Екатеринбург,basic,2021-01-11,286.9998569406589,4.0,"Прекрасное качество товара, рекомендую",0
100629,26.0,female,Нижний Новгород,basic,2024-05-01,726.9253261408335,5.0,"Прекрасное качество товара, рекомендую",0
100082,30.0,male,Казань,basic,2021-04-13,1287.5360395468406,4.0,"Отличный сервис, всё понравилось!",0
100332,46.0,female,Санкт-Петербург,standard,2023-12-17,2672.364678782911,5.0,"Очень доволен покупкой, спасибо магазину",1
100560,27.0,male,Москва,standard,2024-11-14,1397.7581081700644,,"Быстрая доставка, буду заказывать ещё",0
100110,17.0,female,Москва,basic,2024-05-31,509.5873160746318,5.0,"Прекрасное качество товара, рекомендую",0
100285,25.0,male,Казань,premium,2024-04-06,3861.067232939732,4.0,"Прекрасное качество товара, рекомендую",0
100064,45.0,male,Нижний Новгород,basic,2021-06-04,,3.0,"Нормально, но есть куда расти",1
100102,54.0,female,Казань,basic,2024-04-09,,5.0,"Отличный сервис, всё понравилось!",0
100465,25.0,female,Санкт-Петербург,basic,2021-01-10,900.877479146271,5.0,"Очень доволен покупкой, спасибо магазину",0
100077,33.0,female,Санкт-Петербург,standard,2023-04-03,1246.588904061599,,Не рекомендую этот магазин никому,1
100585,47.0,male,Москва,standard,2022-02-10,1454.4632239789612,5.0,"Очень доволен покупкой, спасибо магазину",1
100011,49.0,other,Новосибирск,standard,2024-05-01,1637.736481375258,5.0,Рекомендую этот магазин всем друзьям,0
100508,43.0,male,Москва,standard,2021-08-25,1880.2175417406152,5.0,"Отличный сервис, всё понравилось!",0
100261,35.0,male,Новосибирск,basic,2023-01-13,772.6600656672599,5.0,Рекомендую этот магазин всем друзьям,0
100345,57.0,female,Новосибирск,basic,2024-01-05,1162.3689639488757,2.0,"Плохое качество товара, не советую",0
100260,22.0,other,Санкт-Петербург,basic,2024-06-23,1000.5475826926987,4.0,"Быстрая доставка, буду заказывать ещё",1
100032,33.0,male,Екатеринбург,basic,2023-04-20,555.2575555084487,3.0,Доставка была средней скорости,1
100480,69.0,male,Москва,standard,2022-08-23,1614.4031384948512,3.0,"Могло быть и лучше, но сойдёт",0
100491,51.0,female,Санкт-Петербург,standard,2021-01-25,1465.9739587783918,5.0,"Прекрасное качество товара, рекомендую",0
100355,51.0,female,Казань,basic,2023-06-07,595.3536524876432,3.0,Товар в целом соответствует описанию,0
100266,50.0,male,Нижний Новгород,basic,2023-02-06,900.4397778920923,5.0,"Отличный сервис, всё понравилось!",0
100527,55.0,female,Екатеринбург,standard,2021-10-10,1428.1299186058363,4.0,"Быстрая доставка, буду заказывать ещё",0
100445,34.0,male,Казань,basic,2023-11-16,791.6769799955384,5.0,"Очень доволен покупкой, спасибо магазину",0
100361,36.0,male,Новосибирск,basic,2023-04-15,476.0318210490281,4.0,Рекомендую этот магазин всем друзьям,0
100300,42.0,male,Санкт-Петербург,standard,2023-08-05,1129.072303615257,3.0,Доставка была средней скорости,0
100481,41.0,male,Санкт-Петербург,basic,2023-08-09,732.0408010672386,4.0,"Прекрасное качество товара, рекомендую",0
100003,,male,Москва,basic,2021-03-29,720.2137917584552,5.0,"Очень доволен покупкой, спасибо магазину",1
100212,22.0,male,Казань,basic,2023-03-22,1283.179149150704,4.0,"Прекрасное качество товара, рекомендую",1
100133,46.0,other,Санкт-Петербург,basic,2021-12-10,309.26521687884303,5.0,"Прекрасное качество товара, рекомендую",0
100577,54.0,female,Москва,premium,2022-04-28,1874.0826257688573,5.0,"Очень доволен покупкой, спасибо магазину",0
100073,27.0,female,Санкт-Петербург,basic,2023-04-06,1268.226435844806,4.0,"Прекрасное качество товара, рекомендую",0
100182,41.0,male,Москва,basic,2024-12-17,1298.4107182061657,3.0,Товар в целом соответствует описанию,1
100134,35.0,male,Казань,standard,2024-12-11,1011.8119362548281,4.0,"Отличный сервис, всё понравилось!",0
100400,30.0,female,Санкт-Петербург,premium,2022-11-11,1895.477843913905,3.0,Товар в целом соответствует описанию,0
100330,32.0,female,Москва,standard,2021-04-20,967.8759646561857,4.0,"Прекрасное качество товара, рекомендую",0
100397,47.0,female,Новосибирск,basic,2024-09-18,1113.0832873077322,4.0,"Прекрасное качество товара, рекомендую",0
100079,46.0,male,Санкт-Петербург,basic,2022-07-25,416.01215981975724,4.0,"Быстрая доставка, буду заказывать ещё",1
100235,29.0,female,Новосибирск,basic,2024-06-10,844.5231935803384,,Товар в целом соответствует описанию,0
100648,17.0,male,Москва,standard,2021-08-13,1826.200219766029,5.0,"Прекрасное качество товара, рекомендую",1
100121,26.0,male,Новосибирск,basic,2023-12-20,1054.4785291471267,3.0,"Могло быть и лучше, но сойдёт",1
100200,36.0,male,Санкт-Петербург,basic,2024-02-20,521.1839938557569,5.0,Рекомендую этот магазин всем друзьям,1
100292,,female,Нижний Новгород,standard,2024-07-19,1901.0126080715995,5.0,"Очень доволен покупкой, спасибо магазину",0
100061,18.0,male,Санкт-Петербург,basic,2022-08-21,901.3921818169345,3.0,Доставка была средней скорости,1
100353,31.0,male,Новосибирск,basic,2022-10-21,523.6175519820905,3.0,"Могло быть и лучше, но сойдёт",1
100031,64.0,female,Санкт-Петербург,basic,2024-12-19,1239.4290293015756,3.0,"Могло быть и лучше, но сойдёт",1
100070,36.0,male,Новосибирск,basic,2022-08-02,927.4935748622196,1.0,"Долго ждал доставку, очень разочарован",1
100156,59.0,male,Новосибирск,premium,2023-11-02,2345.7881702255263,4.0,"Быстрая доставка, буду заказывать ещё",0
100210,34.0,male,Казань,standard,2022-03-13,2237.669829180031,4.0,"Очень доволен покупкой, спасибо магазину",0
100045,39.0,male,Нижний Новгород,basic,2021-09-06,1008.7221816066779,4.0,"Очень доволен покупкой, спасибо магазину",0
100071,23.0,male,Нижний Новгород,standard,2024-08-25,1654.6237913633422,4.0,"Прекрасное качество товара, рекомендую",0
100483,39.0,female,Москва,standard,2022-03-14,1659.8546932726465,3.0,,0
100249,73.0,male,Москва,basic,2021-02-21,530.0169547754829,4.0,"Отличный сервис, всё понравилось!",0
100543,41.0,male,Казань,basic,2024-06-21,990.2017788014256,3.0,Товар в целом соответствует описанию,1
100423,31.0,male,Санкт-Петербург,standard,2023-02-03,1386.927214518997,5.0,"Очень доволен покупкой, спасибо магазину",0
100596,33.0,male,Санкт-Петербург,standard,2021-03-29,2067.8808712415594,4.0,"Быстрая доставка, буду заказывать ещё",0
100532,27.0,male,Москва,standard,2023-06-21,1665.5690958460964,4.0,"Отличный сервис, всё понравилось!",0
100183,33.0,female,Екатеринбург,basic,2022-08-14,597.1230884053836,3.0,"Нормально, но есть куда расти",1
100287,41.0,male,Санкт-Петербург,basic,2022-02-20,809.4351358458312,5.0,"Быстрая доставка, буду заказывать ещё",0
100066,48.0,female,Москва,standard,2021-11-26,1458.6069977624265,3.0,"Могло быть и лучше, но сойдёт",0
100526,,female,Новосибирск,premium,2021-07-05,3324.233155420034,1.0,Не рекомендую этот магазин никому,0
100050,39.0,male,Екатеринбург,standard,2022-09-06,751.858288897574,3.0,"Могло быть и лучше, но сойдёт",1
100159,32.0,female,Москва,standard,2023-01-12,1420.7132813531935,5.0,"Быстрая доставка, буду заказывать ещё",0
100307,34.0,male,Екатеринбург,standard,2022-11-26,1033.3147169183244,5.0,"Прекрасное качество товара, рекомендую",0
100040,46.0,female,Москва,basic,2023-12-01,992.1725892007173,3.0,"Могло быть и лучше, но сойдёт",0
100149,51.0,male,Новосибирск,basic,2023-09-10,916.8364513158281,4.0,"Быстрая доставка, буду заказывать ещё",0
100489,28.0,female,Новосибирск,standard,2024-07-24,1308.040985344424,4.0,,1
100007,40.0,male,Нижний Новгород,basic,2024-12-21,640.8382998471765,4.0,"Очень доволен покупкой, спасибо магазину",1
100232,31.0,male,Екатеринбург,basic,2021-09-13,602.2086268785256,3.0,"Могло быть и лучше, но сойдёт",0
100644,40.0,female,Санкт-Петербург,premium,2024-10-30,4698.7390718494225,4.0,"Быстрая доставка, буду заказывать ещё",0
100214,32.0,male,Казань,basic,2022-05-03,556.1560329420267,3.0,Доставка была средней скорости,1
100635,34.0,female,Санкт-Петербург,standard,2023-08-28,1619.3614746662515,2.0,Не рекомендую этот магазин никому,0
100136,26.0,other,Москва,basic,2024-07-01,896.462787938915,3.0,"Могло быть и лучше, но сойдёт",1
100337,30.0,other,Москва,basic,2021-04-30,357.41109171979406,5.0,Рекомендую этот магазин всем друзьям,0
100164,28.0,male,Москва,premium,2021-09-06,4156.024375397466,4.0,"Очень доволен покупкой, спасибо магазину",0
100311,52.0,male,Нижний Новгород,standard,2021-05-16,1500.9060359629411,4.0,"Быстрая доставка, буду заказывать ещё",0
100087,32.0,male,Нижний Новгород,basic,2022-03-17,659.8329600267182,4.0,"Быстрая доставка, буду заказывать ещё",0
100177,57.0,female,Санкт-Петербург,standard,2024-11-04,1681.8439292894318,,Рекомендую этот магазин всем друзьям,0
100435,49.0,male,Москва,premium,2024-01-13,2899.3722186480504,5.0,Рекомендую этот магазин всем друзьям,0
100598,48.0,male,Москва,standard,2023-05-12,2019.684365654266,5.0,"Отличный сервис, всё понравилось!",0
100630,16.0,female,Новосибирск,standard,2021-11-21,1814.30129019769,3.0,Товар в целом соответствует описанию,0
100589,41.0,female,Москва,basic,2023-03-21,946.5781173910866,3.0,Товар в целом соответствует описанию,0
100166,27.0,female,Екатеринбург,standard,2023-07-28,1166.3034656433892,5.0,"Отличный сервис, всё понравилось!",0
100042,45.0,female,Москва,standard,2024-03-12,951.797719333415,5.0,"Отличный сервис, всё понравилось!",0
100487,29.0,male,Москва,standard,2024-01-01,1319.734269235735,,"Очень доволен покупкой, спасибо магазину",1
100109,48.0,male,Нижний Новгород,basic,2023-05-01,616.0491597925594,5.0,"Прекрасное качество товара, рекомендую",0
100410,22.0,female,Казань,premium,2022-10-21,3624.5331795551356,4.0,"Отличный сервис, всё понравилось!",1
100057,35.0,male,Нижний Новгород,basic,2024-08-23,729.5832581446463,4.0,"Очень доволен покупкой, спасибо магазину",1
100209,27.0,male,Новосибирск,basic,2023-10-31,527.8949538992651,4.0,"Быстрая доставка, буду заказывать ещё",1
100558,26.0,male,Санкт-Петербург,premium,2023-08-06,4261.766039842674,4.0,"Прекрасное качество товара, рекомендую",0
100394,44.0,female,Москва,basic,2024-10-27,,4.0,,0
100137,42.0,female,Санкт-Петербург,standard,2021-09-19,1234.1459531021205,3.0,Доставка была средней скорости,0
100228,61.0,other,Москва,basic,2021-05-16,868.9497826487273,3.0,Товар в целом соответствует описанию,1
100579,,female,Санкт-Петербург,standard,2024-04-15,2590.669377115201,2.0,Обслуживание оставляет желать лучшего,1
100132,21.0,female,Нижний Новгород,basic,2024-07-02,890.8734377211285,4.0,"Очень доволен покупкой, спасибо магазину",0
100025,33.0,male,Казань,basic,2022-07-06,1253.1017531670718,5.0,"Быстрая доставка, буду заказывать ещё",0
100350,56.0,other,Екатеринбург,basic,2022-12-20,1063.3586017286882,5.0,"Прекрасное качество товара, рекомендую",0
100465,25.0,female,Санкт-Петербург,basic,2021-01-10,900.877479146271,5.0,"Очень доволен покупкой, спасибо магазину",0
100211,49.0,male,Екатеринбург,standard,2021-10-16,1284.8866687270124,4.0,"Очень доволен покупкой, спасибо магазину",0
100606,44.0,male,Казань,basic,2023-10-16,,4.0,"Отличный сервис, всё понравилось!",0
100111,43.0,male,Новосибирск,basic,2022-02-03,1359.4459211739368,5.0,"Отличный сервис, всё понравилось!",0
100083,34.0,male,Екатеринбург,basic,2023-12-16,792.2061622598108,4.0,"Отличный сервис, всё понравилось!",0
100052,46.0,male,Екатеринбург,standard,2024-04-03,1407.3976291264844,3.0,Товар в целом соответствует описанию,0
100205,16.0,female,Москва,premium,2023-01-26,2561.540748452842,4.0,"Прекрасное качество товара, рекомендую",0
100545,35.0,male,Санкт-Петербург,standard,2023-04-02,2273.665784688402,3.0,"Нормально, но есть куда расти",0
100429,21.0,female,Новосибирск,basic,2022-07-10,1007.1561772889934,4.0,Рекомендую этот магазин всем друзьям,1
100248,60.0,male,Москва,premium,2021-11-25,2694.5535713445297,4.0,"Быстрая доставка, буду заказывать ещё",0
100219,36.0,female,Санкт-Петербург,standard,2024-03-13,1621.4359748624638,3.0,"Нормально, но есть куда расти",0
100019,49.0,female,Новосибирск,standard,2021-12-19,1619.7664097676052,4.0,"Прекрасное качество товара, рекомендую",0
100568,30.0,male,Санкт-Петербург,standard,2023-10-26,2301.6636004227066,2.0,"Ужасный опыт, больше не закажу",0
100409,16.0,female,Екатеринбург,standard,2024-06-10,1897.778749087052,,"Прекрасное качество товара, рекомендую",0
100132,21.0,female,Нижний Новгород,basic,2024-07-02,890.8734377211285,4.0,"Очень доволен покупкой, спасибо магазину",0
100062,34.0,male,Нижний Новгород,standard,2023-04-06,1948.4939358587878,4.0,"Очень доволен покупкой, спасибо магазину",0
100297,,female,Москва,standard,2023-05-30,1871.1602950109977,4.0,"Быстрая доставка, буду заказывать ещё",0
100452,42.0,female,Санкт-Петербург,standard,2024-04-04,1082.1005502166558,4.0,Рекомендую этот магазин всем друзьям,0
100030,43.0,female,Новосибирск,basic,2024-01-15,1178.2208692508934,3.0,"Нормально, но есть куда расти",0
100474,40.0,male,Новосибирск,standard,2021-06-02,1573.1461926182712,3.0,Товар в целом соответствует описанию,0
100616,23.0,female,Санкт-Петербург,standard,2023-09-01,1905.2048023676475,3.0,"Нормально, но есть куда расти",0
100507,67.0,male,Москва,basic,2021-07-02,548.6979870160509,4.0,"Очень доволен покупкой, спасибо магазину",0
100638,25.0,male,Екатеринбург,basic,2022-09-03,579.090618500168,5.0,"Прекрасное качество товара, рекомендую",0
100182,41.0,male,Москва,basic,2024-12-17,1298.4107182061657,3.0,Товар в целом соответствует описанию,1
100551,43.0,female,Санкт-Петербург,premium,2022-03-25,3296.162852473735,4.0,"Очень доволен покупкой, спасибо магазину",0
100221,35.0,male,Екатеринбург,standard,2021-03-25,1663.2632449651935,4.0,Рекомендую этот магазин всем друзьям,1
100327,19.0,male,Москва,basic,2023-02-26,553.9569933333978,2.0,Обслуживание оставляет желать лучшего,0
100484,45.0,male,Москва,premium,2024-09-20,2955.042391979404,5.0,"Отличный сервис, всё понравилось!",0
100213,38.0,female,Санкт-Петербург,premium,2021-02-19,3767.667899698385,4.0,"Прекрасное качество товара, рекомендую",0
100312,43.0,male,Москва,basic,2023-07-21,1045.9416161001855,4.0,"Прекрасное качество товара, рекомендую",1
100440,43.0,male,Нижний Новгород,basic,2021-12-06,940.4594075261255,5.0,"Очень доволен покупкой, спасибо магазину",0
100607,,female,Казань,basic,2023-01-22,,3.0,Доставка была средней скорости,1
100488,43.0,male,Казань,basic,2023-06-27,61000.0,5.0,"Очень доволен покупкой, спасибо магазину",0
100216,50.0,male,Санкт-Петербург,standard,2022-02-02,1974.966978507396,4.0,"Прекрасное качество товара, рекомендую",0
100636,35.0,female,Новосибирск,basic,2022-02-19,725.0556332944033,1.0,"Плохое качество товара, не советую",0
100634,16.0,male,Новосибирск,premium,2021-09-04,2501.7269689672335,5.0,"Отличный сервис, всё понравилось!",0
100593,60.0,female,Нижний Новгород,premium,2021-06-26,3217.658446948467,2.0,,1
100446,20.0,female,Екатеринбург,standard,2022-07-04,694.9250058671341,3.0,"Могло быть и лучше, но сойдёт",0
100329,150.0,male,Санкт-Петербург,basic,2023-11-02,911.9189053209,3.0,,0
100450,43.0,female,Екатеринбург,basic,2022-09-22,740.7622890772194,,"Могло быть и лучше, но сойдёт",0
100614,43.0,male,Москва,standard,2024-07-11,1483.1065399720665,2.0,"Ужасный опыт, больше не закажу",1
100105,27.0,female,Новосибирск,basic,2021-04-07,1190.5763214715246,5.0,"Очень доволен покупкой, спасибо магазину",0
100115,39.0,male,Москва,premium,2023-08-30,3860.1844977130704,5.0,"Очень доволен покупкой, спасибо магазину",0
100608,43.0,female,Екатеринбург,basic,2023-05-18,1145.7950235210233,4.0,"Прекрасное качество товара, рекомендую",0
100175,23.0,male,Нижний Новгород,basic,2021-02-13,847.8171298998175,4.0,Рекомендую этот магазин всем друзьям,0
100250,,male,Казань,standard,2023-11-24,2207.5719640799466,3.0,"Могло быть и лучше, но сойдёт",0
100251,34.0,female,Казань,basic,2023-02-17,1055.7644419328115,3.0,Товар в целом соответствует описанию,0
100008,34.0,female,Нижний Новгород,standard,2021-05-01,1282.1224867241956,4.0,"Прекрасное качество товара, рекомендую",0
100090,43.0,male,Новосибирск,standard,2022-10-16,1223.5559157207135,5.0,"Отличный сервис, всё понравилось!",0
100515,47.0,male,Новосибирск,basic,2022-11-17,997.9850935073846,1.0,"Ужасный опыт, больше не закажу",0
100363,50.0,male,Санкт-Петербург,basic,2024-03-10,844.6002986045397,3.0,Товар в целом соответствует описанию,0
100502,,male,Нижний Новгород,basic,2022-08-09,428.1782776773816,5.0,"Очень доволен покупкой, спасибо магазину",0
100356,41.0,female,Екатеринбург,standard,2021-06-23,1724.5800474743385,1.0,Обслуживание оставляет желать лучшего,1
100347,31.0,female,Москва,basic,2022-05-07,1008.7426849195895,2.0,"Ужасный опыт, больше не закажу",0
100530,57.0,female,Москва,premium,2024-12-03,3310.526112807497,3.0,"Могло быть и лучше, но сойдёт",0
100141,43.0,female,Москва,basic,2023-03-04,474.0167852338905,3.0,Доставка была средней скорости,0
100557,29.0,female,Екатеринбург,basic,2023-09-01,710.3736880761164,5.0,"Быстрая доставка, буду заказывать ещё",0
100044,41.0,female,Москва,standard,2023-08-29,1241.8640881874915,3.0,Товар в целом соответствует описанию,0
100043,30.0,other,Санкт-Петербург,basic,2021-01-08,725.2065358520672,4.0,"Быстрая доставка, буду заказывать ещё",1
100074,44.0,male,Санкт-Петербург,premium,2021-12-26,1981.6739697345802,5.0,"Быстрая доставка, буду заказывать ещё",0
100168,,male,Санкт-Петербург,basic,2024-11-20,691.7179142625405,3.0,"Нормально, но есть куда расти",0
100437,32.0,female,Москва,standard,2022-06-26,1973.838264218095,,"Быстрая доставка, буду заказывать ещё",0
100591,23.0,other,Екатеринбург,basic,2024-06-29,746.5226778182692,3.0,"Нормально, но есть куда расти",1
100067,210.0,male,Москва,premium,2022-04-05,784.5486120581445,5.0,"Очень доволен покупкой, спасибо магазину",0
100012,47.0,female,Казань,premium,2024-07-20,,4.0,"Быстрая доставка, буду заказывать ещё",0
100335,38.0,female,Екатеринбург,basic,2024-03-25,820.4891315846212,4.0,,0
100552,45.0,female,Новосибирск,standard,2021-08-06,1463.6324774268242,5.0,"Прекрасное качество товара, рекомендую",0
100245,64.0,female,Новосибирск,basic,2024-12-16,639.2764572626712,3.0,Товар в целом соответствует описанию,0
100257,43.0,female,Москва,premium,2022-08-16,3444.9856176857757,,"Очень доволен покупкой, спасибо магазину",0
100341,16.0,female,Москва,standard,2024-05-26,1569.881591695036,2.0,"Ужасный опыт, больше не закажу",0
100542,28.0,female,Новосибирск,standard,2021-10-25,2501.0255081591886,5.0,"Очень доволен покупкой, спасибо магазину",0
100279,52.0,female,Москва,standard,2023-01-09,1763.4114128807419,3.0,Товар в целом соответствует описанию,0
100399,44.0,male,Москва,basic,2021-03-25,1042.1839528961614,4.0,"Очень доволен покупкой, спасибо магазину",0
100178,40.0,male,Казань,standard,2021-11-27,1460.768428510119,4.0,"Прекрасное качество товара, рекомендую",0
100432,44.0,other,Нижний Новгород,basic,2022-10-02,,4.0,"Отличный сервис, всё понравилось!",0
100421,39.0,female,Новосибирск,basic,2022-12-23,968.963617837197,5.0,Рекомендую этот магазин всем друзьям,0
100084,33.0,female,Казань,premium,2023-04-20,4186.931422783216,2.0,"Плохое качество товара, не советую",1
100430,43.0,male,Москва,standard,2022-09-25,1522.3739185402014,5.0,"Прекрасное качество товара, рекомендую",1
100405,,female,Москва,basic,2023-02-02,866.5626031328516,5.0,"Быстрая доставка, буду заказывать ещё",0
100535,,female,Нижний Новгород,basic,2023-03-06,772.3196012462394,1.0,"Плохое качество товара, не советую",0
100080,34.0,male,Нижний Новгород,premium,2024-07-30,4553.509968584027,5.0,"Отличный сервис, всё понравилось!",0
100024,36.0,male,Казань,standard,2024-04-16,1367.2049323543724,1.0,Не рекомендую этот магазин никому,1
100016,28.0,male,Новосибирск,basic,2023-01-31,1045.093349412592,5.0,"Очень доволен покупкой, спасибо магазину",1
100364,25.0,male,Казань,basic,2021-09-26,1075.8504418298762,3.0,"Нормально, но есть куда расти",0
100290,37.0,other,Москва,standard,2024-03-13,2014.2820086617705,4.0,"Прекрасное качество товара, рекомендую",1
100265,44.0,female,Москва,basic,2023-04-08,,1.0,Не рекомендую этот магазин никому,1
100644,40.0,female,Санкт-Петербург,premium,2024-10-30,4698.7390718494225,4.0,"Быстрая доставка, буду заказывать ещё",0
100301,59.0,male,Москва,basic,2023-03-21,626.4234353741986,5.0,"Прекрасное качество товара, рекомендую",1
100276,43.0,male,Екатеринбург,basic,2021-04-16,933.1511652140753,3.0,Товар в целом соответствует описанию,1
100138,48.0,male,Екатеринбург,basic,2021-08-31,759.1016822636043,5.0,,1
100295,35.0,male,Новосибирск,standard,2021-11-17,880.9409078122976,3.0,Доставка была средней скорости,0
100034,28.0,other,Екатеринбург,basic,2024-06-13,626.7213104631892,3.0,Товар в целом соответствует описанию,0
100250,,male,Казань,standard,2023-11-24,2207.5719640799466,3.0,"Могло быть и лучше, но сойдёт",0
100382,54.0,female,Казань,premium,2023-05-22,52000.0,5.0,"Очень доволен покупкой, спасибо магазину",0
100010,28.0,male,Москва,basic,2022-12-26,1034.9219218969279,2.0,"Долго ждал доставку, очень разочарован",0
100023,53.0,male,Москва,standard,2021-12-31,1861.0609619738466,3.0,Товар в целом соответствует описанию,0
100291,35.0,male,Новосибирск,standard,2021-11-16,1685.0175184024145,4.0,Рекомендую этот магазин всем друзьям,0
100222,41.0,male,Санкт-Петербург,basic,2023-02-13,489.55883375878983,4.0,Рекомендую этот магазин всем друзьям,1
100517,46.0,other,Нижний Новгород,premium,2022-04-29,4209.780666106419,5.0,,0
100282,17.0,female,Санкт-Петербург,basic,2023-09-14,579.7498461199377,4.0,"Отличный сервис, всё понравилось!",0
100319,50.0,male,Санкт-Петербург,basic,2021-12-15,717.7172833016392,2.0,Обслуживание оставляет желать лучшего,1
100085,24.0,male,Нижний Новгород,basic,2022-07-23,787.207311442123,2.0,"Плохое качество товара, не советую",1
100320,24.0,female,Санкт-Петербург,standard,2023-09-30,1830.2514546868147,2.0,"Ужасный опыт, больше не закажу",0
100412,16.0,female,Новосибирск,standard,2022-11-07,1388.1364900643441,4.0,"Прекрасное качество товара, рекомендую",0
100584,25.0,male,Москва,standard,2021-02-20,858.2560261461963,5.0,Рекомендую этот магазин всем друзьям,0
100321,47.0,male,Казань,basic,2023-11-08,876.9078833230491,3.0,Доставка была средней скорости,0
100204,46.0,male,Санкт-Петербург,standard,2022-07-29,2194.3169447151276,4.0,Рекомендую этот магазин всем друзьям,0
100197,46.0,male,Казань,basic,2022-01-07,674.6210164565545,3.0,"Могло быть и лучше, но сойдёт",1
100322,36.0,other,Нижний Новгород,basic,2023-02-27,1045.0118770405938,3.0,Товар в целом соответствует описанию,1
100094,37.0,male,Екатеринбург,premium,2022-11-20,3113.8584608848464,5.0,"Быстрая доставка, буду заказывать ещё",0
100282,17.0,female,Санкт-Петербург,basic,2023-09-14,579.7498461199377,4.0,"Отличный сервис, всё понравилось!",0
100342,42.0,male,Москва,basic,2022-05-31,947.7404690867091,4.0,"Очень доволен покупкой, спасибо магазину",0
100358,41.0,male,Москва,basic,2021-12-24,916.4294141286994,4.0,Рекомендую этот магазин всем друзьям,0
100619,31.0,male,Нижний Новгород,premium,2023-12-14,4782.187675350924,4.0,Рекомендую этот магазин всем друзьям,1
100029,-12.0,female,Москва,premium,2024-04-21,5066.813880569819,5.0,"Очень доволен покупкой, спасибо магазину",0
100185,43.0,female,Москва,basic,2022-09-10,849.8601434273897,2.0,Обслуживание оставляет желать лучшего,0
100546,36.0,female,Нижний Новгород,basic,2022-09-06,718.1848209331959,1.0,Не рекомендую этот магазин никому,1
100293,56.0,male,Москва,premium,2021-08-14,3564.8223670866687,3.0,"Нормально, но есть куда расти",1
100179,37.0,male,Новосибирск,premium,2022-05-01,3203.9675673486713,3.0,"Нормально, но есть куда расти",0
100336,23.0,female,Казань,basic,2024-05-21,,5.0,Рекомендую этот магазин всем друзьям,1
100154,32.0,female,Санкт-Петербург,basic,2024-03-31,1102.3294046912974,5.0,"Прекрасное качество товара, рекомендую",0
100076,46.0,male,Нижний Новгород,basic,2022-12-19,,3.0,Доставка была средней скорости,1
100389,41.0,other,Казань,standard,2023-09-13,1056.6465087630586,4.0,"Отличный сервис, всё понравилось!",0
100368,28.0,male,Екатеринбург,standard,2021-03-07,1422.2221073626686,5.0,Рекомендую этот магазин всем друзьям,0
100093,33.0,female,Нижний Новгород,standard,2022-12-28,2703.8387534151225,5.0,"Отличный сервис, всё понравилось!",1
100383,19.0,female,Санкт-Петербург,basic,2022-01-07,603.5605754215076,3.0,"Могло быть и лучше, но сойдёт",0
100069,48.0,female,Москва,basic,2023-10-04,555.6517732355155,3.0,"Могло быть и лучше, но сойдёт",1
100621,33.0,male,Нижний Новгород,basic,2023-11-06,907.4516072228164,5.0,"Отличный сервис, всё понравилось!",0
100362,43.0,male,Новосибирск,standard,2023-12-04,2018.7273663816488,4.0,"Быстрая доставка, буду заказывать ещё",0
100539,16.0,female,Казань,standard,2022-07-27,1780.1235895200332,3.0,Товар в целом соответствует описанию,0
100189,22.0,female,Москва,basic,2024-09-09,594.2776630934169,5.0,"Отличный сервис, всё понравилось!",0
100237,16.0,other,Нижний Новгород,basic,2022-11-23,931.0668394141874,4.0,Рекомендую этот магазин всем друзьям,0
100089,44.0,male,Казань,premium,2023-04-08,3505.2787466374857,4.0,"Быстрая доставка, буду заказывать ещё",0
100572,37.0,female,Москва,basic,2023-02-18,745.3362690604777,4.0,"Отличный сервис, всё понравилось!",0
100118,38.0,male,Москва,premium,2023-12-16,2945.2542960183155,5.0,Рекомендую этот магазин всем друзьям,0
100564,29.0,female,Москва,standard,2024-09-09,840.9708248747235,5.0,"Отличный сервис, всё понравилось!",0
100609,18.0,female,Москва,basic,2023-04-23,789.968665309877,3.0,"Могло быть и лучше, но сойдёт",0
100239,25.0,other,Санкт-Петербург,basic,2021-09-16,933.587999762613,2.0,"Ужасный опыт, больше не закажу",0
100001,42.0,female,Новосибирск,premium,2022-05-20,3335.990429495385,3.0,Товар в целом соответствует описанию,0
100070,36.0,male,Новосибирск,basic,2022-08-02,927.4935748622196,1.0,"Долго ждал доставку, очень разочарован",1
100272,42.0,female,Казань,basic,2021-05-27,450.32349901249574,4.0,"Прекрасное качество товара, рекомендую",1
100463,19.0,female,Москва,standard,2021-10-19,1159.8165056988348,3.0,"Могло быть и лучше, но сойдёт",0
100540,29.0,male,Нижний Новгород,basic,2024-11-23,891.3990206810415,4.0,"Очень доволен покупкой, спасибо магазину",0
100117,41.0,male,Москва,basic,2024-02-19,428.52012014242126,4.0,"Быстрая доставка, буду заказывать ещё",0
100229,28.0,female,Казань,standard,2022-03-17,1959.430665271589,3.0,"Нормально, но есть куда расти",1
100632,69.0,male,Казань,standard,2024-04-04,1606.03768112888,3.0,"Нормально, но есть куда расти",0
100315,48.0,female,Москва,standard,2022-04-04,2158.4779908671076,3.0,,1
100582,24.0,female,Казань,basic,2024-06-01,1141.0582251367482,2.0,"Долго ждал доставку, очень разочарован",1
100145,28.0,female,Москва,basic,2024-09-28,937.2462038328104,5.0,"Прекрасное качество товара, рекомендую",0
100378,16.0,male,Санкт-Петербург,basic,2023-03-27,682.2890814335095,3.0,"Могло быть и лучше, но сойдёт",0
100357,0.0,female,Санкт-Петербург,basic,2022-02-10,861.9790848793344,2.0,Обслуживание оставляет желать лучшего,0
100612,,male,Москва,basic,2023-04-03,,4.0,"Отличный сервис, всё понравилось!",0
100647,45.0,female,Санкт-Петербург,premium,2024-09-19,3537.853539985911,5.0,Рекомендую этот магазин всем друзьям,0
100269,39.0,male,Екатеринбург,basic,2024-01-02,613.6461420443927,3.0,Товар в целом соответствует описанию,0
100449,51.0,female,Новосибирск,standard,2022-02-09,1464.9424038852635,3.0,Доставка была средней скорости,0
100047,48.0,other,Казань,basic,2021-04-08,1053.532540647412,2.0,Обслуживание оставляет желать лучшего,1
100262,35.0,female,Санкт-Петербург,basic,2023-10-17,1226.412763308229,4.0,"Прекрасное качество товара, рекомендую",0
100196,27.0,other,Казань,standard,2021-09-03,1710.1409749400464,4.0,"Очень доволен покупкой, спасибо магазину",0
100518,30.0,female,Москва,premium,2021-11-20,1744.9357553470672,4.0,"Прекрасное качество товара, рекомендую",0
100613,21.0,female,Москва,basic,2023-11-15,942.7256507288441,5.0,"Отличный сервис, всё понравилось!",0
100108,34.0,other,Москва,standard,2024-03-14,1367.009822601221,4.0,"Прекрасное качество товара, рекомендую",1
100438,25.0,other,Москва,basic,2023-05-09,1018.4243587855451,3.0,"Могло быть и лучше, но сойдёт",0
100501,54.0,male,Новосибирск,basic,2021-07-30,679.8516449627232,5.0,Рекомендую этот магазин всем друзьям,0
100278,25.0,other,Москва,premium,2024-10-11,2580.9341056281637,2.0,"Ужасный опыт, больше не закажу",1
100101,33.0,male,Москва,basic,2024-02-19,1180.640919430368,4.0,Рекомендую этот магазин всем друзьям,0
100334,26.0,female,Москва,premium,2024-12-14,4569.90537653741,2.0,"Плохое качество товара, не советую",1
100605,30.0,male,Новосибирск,standard,2022-05-15,1141.4504757664918,5.0,"Прекрасное качество товара, рекомендую",0
100529,41.0,male,Нижний Новгород,basic,2024-07-14,815.7278193992122,4.0,"Отличный сервис, всё понравилось!",1
100180,,female,Екатеринбург,basic,2023-01-05,861.5580748264496,1.0,"Долго ждал доставку, очень разочарован",0
100333,30.0,male,Москва,premium,2021-11-23,4161.760610767432,4.0,Рекомендую этот магазин всем друзьям,0
100150,40.0,female,Санкт-Петербург,basic,2023-02-17,833.3868175427821,5.0,"Быстрая доставка, буду заказывать ещё",0
100125,48.0,male,Новосибирск,basic,2022-12-11,715.2215139613741,4.0,"Очень доволен покупкой, спасибо магазину",0
100538,52.0,male,Екатеринбург,basic,2021-05-10,1475.4673887838787,4.0,"Прекрасное качество товара, рекомендую",0
100586,62.0,male,Нижний Новгород,standard,2023-11-01,2125.8507575179883,3.0,"Могло быть и лучше, но сойдёт",0
100186,56.0,female,Екатеринбург,basic,2023-03-24,422.9365417830518,4.0,"Очень доволен покупкой, спасибо магазину",0
100559,23.0,male,Санкт-Петербург,standard,2022-03-13,1442.118462239979,5.0,Рекомендую этот магазин всем друзьям,1
100535,,female,Нижний Новгород,basic,2023-03-06,772.3196012462394,1.0,"Плохое качество товара, не советую",0
100364,25.0,male,Казань,basic,2021-09-26,1075.8504418298762,3.0,"Нормально, но есть куда расти",0
100328,37.0,female,Нижний Новгород,basic,2024-05-05,1044.0744915770854,,Рекомендую этот магазин всем друзьям,0
100625,44.0,female,Москва,standard,2023-08-17,930.9591270233797,3.0,Доставка была средней скорости,0
100143,16.0,male,Москва,basic,2024-10-09,865.5093811672133,3.0,Доставка была средней скорости,0
100142,,female,Екатеринбург,basic,2021-02-16,598.1722067190901,2.0,Обслуживание оставляет желать лучшего,1
100376,66.0,male,Санкт-Петербург,basic,2021-02-11,879.3246868610229,2.0,"Плохое качество товара, не советую",1
100020,37.0,female,Санкт-Петербург,basic,2022-11-10,1074.2214134696276,3.0,"Могло быть и лучше, но сойдёт",0
100173,,other,Екатеринбург,basic,2024-04-22,724.2105233227986,2.0,Не рекомендую этот магазин никому,1
100550,46.0,male,Москва,premium,2024-09-21,2574.68068153515,5.0,Рекомендую этот магазин всем друзьям,0
100313,,female,Екатеринбург,basic,2021-11-18,699.6155863126858,,"Плохое качество товара, не советую",0
100013,,female,Санкт-Петербург,basic,2023-03-05,,4.0,"Очень доволен покупкой, спасибо магазину",0
100306,25.0,female,Екатеринбург,basic,2021-07-17,820.7009206940014,4.0,"Прекрасное качество товара, рекомендую",1
100026,34.0,male,Санкт-Петербург,premium,2021-10-17,-350.0,3.0,Доставка была средней скорости,0
100495,34.0,female,Новосибирск,premium,2024-09-08,3511.889330071601,3.0,"Нормально, но есть куда расти",0
100170,38.0,male,Казань,basic,2021-12-27,693.9939693984813,3.0,Доставка была средней скорости,0
100454,999.0,other,Москва,standard,2022-04-14,1432.878500398396,1.0,"Плохое качество товара, не советую",0
100518,30.0,female,Москва,premium,2021-11-20,1744.9357553470672,4.0,"Прекрасное качество товара, рекомендую",0
100246,23.0,female,Новосибирск,basic,2021-02-18,812.4397037582833,4.0,"Быстрая доставка, буду заказывать ещё",0
100299,17.0,female,Екатеринбург,basic,2023-08-16,471.69385342835295,4.0,"Быстрая доставка, буду заказывать ещё",0
100413,30.0,male,Казань,basic,2021-10-23,,4.0,"Отличный сервис, всё понравилось!",0
100273,37.0,male,Москва,basic,2023-05-08,632.4268496641826,4.0,"Очень доволен покупкой, спасибо магазину",0
100155,37.0,female,Москва,standard,2023-03-28,1542.86631683194,4.0,Рекомендую этот магазин всем друзьям,0
100127,56.0,female,Нижний Новгород,premium,2021-08-31,3313.917602935036,5.0,"Быстрая доставка, буду заказывать ещё",0
100447,51.0,male,Казань,basic,2023-06-29,704.6039996169366,4.0,"Быстрая доставка, буду заказывать ещё",0
100288,,other,Казань,standard,2021-08-25,39500.0,4.0,Рекомендую этот магазин всем друзьям,0
100114,21.0,male,Москва,basic,2023-05-01,1099.7654472496388,3.0,"Нормально, но есть куда расти",1
100351,42.0,male,Санкт-Петербург,basic,2023-06-08,977.9076240764052,2.0,"Ужасный опыт, больше не закажу",1
100174,,male,Екатеринбург,standard,2021-07-23,2165.656408152799,4.0,"Очень доволен покупкой, спасибо магазину",0
100339,52.0,male,Казань,basic,2023-02-10,657.9250861448048,,"Могло быть и лучше, но сойдёт",1
100058,56.0,male,Нижний Новгород,basic,2024-09-15,768.2957089248499,3.0,Товар в целом соответствует описанию,1
100466,32.0,female,Москва,basic,2022-10-31,998.1610287928783,4.0,"Быстрая доставка, буду заказывать ещё",0
100223,40.0,female,Москва,standard,2022-01-11,1209.7724681727132,4.0,"Отличный сервис, всё понравилось!",0
100281,44.0,female,Москва,standard,2021-05-10,1302.5713681532743,5.0,"Очень доволен покупкой, спасибо магазину",0
100018,26.0,female,Нижний Новгород,basic,2022-09-18,701.8642183498905,5.0,"Быстрая доставка, буду заказывать ещё",1
100616,23.0,female,Санкт-Петербург,standard,2023-09-01,1905.2048023676475,3.0,"Нормально, но есть куда расти",0
100323,52.0,male,Казань,standard,2023-04-25,1336.794141824791,4.0,"Прекрасное качество товара, рекомендую",0
100256,47.0,male,Санкт-Петербург,basic,2024-07-11,,1.0,"Ужасный опыт, больше не закажу",0
100396,40.0,male,Екатеринбург,basic,2024-12-02,666.279073507256,3.0,"Нормально, но есть куда расти",1
100649,40.0,female,Москва,basic,2021-05-17,479.4270777669033,5.0,Рекомендую этот магазин всем друзьям,0
100191,59.0,female,Нижний Новгород,basic,2022-01-03,385.9149771181511,2.0,Обслуживание оставляет желать лучшего,0
100496,49.0,male,Новосибирск,standard,2021-06-22,2501.621983356702,4.0,"Отличный сервис, всё понравилось!",0
100597,32.0,female,Санкт-Петербург,standard,2021-09-05,2228.819052576136,2.0,"Ужасный опыт, больше не закажу",0
100354,48.0,female,Екатеринбург,standard,2023-05-20,2134.5566592358236,,Не рекомендую этот магазин никому,0
100095,,female,Новосибирск,basic,2022-03-28,1170.8557164071742,5.0,"Прекрасное качество товара, рекомендую",0
100181,54.0,female,Санкт-Петербург,basic,2023-02-07,904.4609497210553,3.0,Товар в целом соответствует описанию,1
100302,20.0,female,Москва,premium,2023-01-21,2856.987142143857,,Доставка была средней скорости,0
100406,35.0,female,Екатеринбург,basic,2023-12-12,681.2603766738291,4.0,"Прекрасное качество товара, рекомендую",0
100486,36.0,female,Екатеринбург,basic,2021-02-22,445.4700887693524,,"Прекрасное качество товара, рекомендую",0
100431,26.0,male,Нижний Новгород,basic,2023-03-06,639.2011767492266,4.0,"Прекрасное качество товара, рекомендую",0
100622,38.0,female,Москва,premium,2021-05-06,3724.0436842295794,4.0,Рекомендую этот магазин всем друзьям,0
100457,51.0,female,Москва,basic,2022-02-04,987.7107773827377,4.0,"Очень доволен покупкой, спасибо магазину",0
100006,22.0,male,Новосибирск,premium,2021-12-19,3109.7454328782505,5.0,Рекомендую этот магазин всем друзьям,0
100046,41.0,male,Санкт-Петербург,basic,2024-05-20,1082.7643646761244,3.0,"Могло быть и лучше, но сойдёт",1
100381,39.0,male,Санкт-Петербург,standard,2024-01-25,1581.3139837672766,3.0,Доставка была средней скорости,1
100645,34.0,male,Нижний Новгород,premium,2023-08-07,3020.7121905878216,4.0,Рекомендую этот магазин всем друзьям,0
100500,20.0,male,Новосибирск,basic,2022-02-05,794.3784897918043,5.0,"Очень доволен покупкой, спасибо магазину",0
100017,42.0,male,Новосибирск,basic,2021-09-27,671.0967225041329,3.0,Доставка была средней скорости,0
100049,46.0,male,Москва,basic,2021-09-16,142.512050650525,4.0,,0
100073,27.0,female,Санкт-Петербург,basic,2023-04-06,1268.226435844806,4.0,"Прекрасное качество товара, рекомендую",0
100620,55.0,male,Москва,basic,2022-04-15,756.5045517087917,5.0,Рекомендую этот магазин всем друзьям,0
100004,49.0,male,Казань,premium,2022-02-26,2415.143937603233,4.0,"Быстрая доставка, буду заказывать ещё",0
100426,34.0,female,Казань,standard,2021-03-08,1516.3962101338248,3.0,Доставка была средней скорости,0
100583,34.0,other,Нижний Новгород,basic,2024-07-04,1024.7361000835153,4.0,"Отличный сервис, всё понравилось!",0
100317,39.0,male,Москва,basic,2024-01-18,1065.0788060493362,,Рекомендую этот магазин всем друзьям,1
100624,31.0,male,Нижний Новгород,basic,2021-12-24,922.5699078112433,4.0,"Прекрасное качество товара, рекомендую",0
100284,43.0,female,Москва,standard,2024-05-13,2110.8205546518443,3.0,Доставка была средней скорости,0
100611,26.0,male,Новосибирск,basic,2024-08-26,1059.035757543709,1.0,Обслуживание оставляет желать лучшего,0
100286,32.0,male,Казань,basic,2024-12-17,1034.3996887947512,5.0,"Отличный сервис, всё понравилось!",0
100617,47.0,male,Москва,basic,2024-02-24,514.2838988747947,5.0,"Отличный сервис, всё понравилось!",0
100226,41.0,male,Санкт-Петербург,premium,2023-04-20,4751.343127195566,4.0,"Прекрасное качество товара, рекомендую",0
100027,44.0,female,Санкт-Петербург,standard,2023-11-08,527.1829610086402,3.0,Доставка была средней скорости,0
100534,43.0,female,Новосибирск,basic,2023-06-11,801.9185670917152,,"Прекрасное качество товара, рекомендую",1
100264,31.0,male,Москва,basic,2023-09-12,864.9164926664478,,"Прекрасное качество товара, рекомендую",0
100051,41.0,male,Казань,basic,2021-12-08,1141.19047473973,4.0,"Отличный сервис, всё понравилось!",0
100365,36.0,female,Нижний Новгород,basic,2024-08-12,789.2640957949117,2.0,Обслуживание оставляет желать лучшего,0
100230,35.0,female,Нижний Новгород,standard,2024-05-17,1279.9595919007093,4.0,"Отличный сервис, всё понравилось!",0
100038,28.0,female,Санкт-Петербург,basic,2024-07-11,637.7007926327324,5.0,"Отличный сервис, всё понравилось!",1
100158,50.0,female,Екатеринбург,standard,2022-11-15,1696.4081426924465,5.0,,0
100238,36.0,other,Казань,premium,2024-02-17,3432.9385004709075,4.0,"Очень доволен покупкой, спасибо магазину",0
100650,33.0,male,Санкт-Петербург,standard,2024-02-08,2050.0110024398837,5.0,,0
100375,45.0,male,Нижний Новгород,premium,2022-10-11,2151.5049659965202,1.0,"Плохое качество товара, не советую",1
100371,38.0,female,Казань,standard,2021-10-31,2389.2648209121717,4.0,,0
100176,40.0,female,Санкт-Петербург,standard,2024-06-10,2786.4683565066252,4.0,"Очень доволен покупкой, спасибо магазину",0
100573,,female,Москва,basic,2021-08-11,985.3307545646012,5.0,"Быстрая доставка, буду заказывать ещё",0
100623,41.0,male,Нижний Новгород,premium,2024-08-27,2204.8420168019834,4.0,"Быстрая доставка, буду заказывать ещё",0
100195,25.0,male,Новосибирск,basic,2022-09-18,533.8872860148706,3.0,Доставка была средней скорости,0
100575,40.0,male,Москва,basic,2021-06-22,460.9661545757068,4.0,"Отличный сервис, всё понравилось!",0
100422,28.0,female,Санкт-Петербург,basic,2022-01-30,557.8481653788192,2.0,"Ужасный опыт, больше не закажу",1
100425,27.0,male,Москва,standard,2023-06-12,1910.8547090653897,3.0,Доставка была средней скорости,0
100327,19.0,male,Москва,basic,2023-02-26,553.9569933333978,2.0,Обслуживание оставляет желать лучшего,0
100581,16.0,female,Москва,basic,2022-01-08,344.96355220494456,5.0,Рекомендую этот магазин всем друзьям,0
100068,32.0,female,Казань,premium,2024-05-12,1156.9572396936205,4.0,"Быстрая доставка, буду заказывать ещё",0
100418,54.0,female,Екатеринбург,standard,2023-07-29,3082.485853532936,3.0,"Могло быть и лучше, но сойдёт",1
100169,36.0,female,Екатеринбург,premium,2021-04-18,2107.2063421174953,4.0,"Очень доволен покупкой, спасибо магазину",0
100531,34.0,female,Санкт-Петербург,premium,2023-04-12,4106.639233798662,4.0,"Быстрая доставка, буду заказывать ещё",0
100163,64.0,female,Санкт-Петербург,standard,2022-05-30,2283.3085466872158,3.0,Доставка была средней скорости,0
100310,59.0,male,Санкт-Петербург,premium,2021-05-31,1950.2914520830304,4.0,"Быстрая доставка, буду заказывать ещё",0
100194,56.0,female,Санкт-Петербург,basic,2022-08-23,688.0600385582158,4.0,"Прекрасное качество товара, рекомендую",0
100453,61.0,other,Санкт-Петербург,standard,2022-08-25,818.5397373034186,3.0,"Могло быть и лучше, но сойдёт",0
100366,56.0,female,Москва,standard,2021-08-30,925.521106875059,3.0,Товар в целом соответствует описанию,0
100384,23.0,other,Казань,standard,2022-09-27,2119.0962254216956,4.0,"Очень доволен покупкой, спасибо магазину",0
100610,44.0,male,Санкт-Петербург,basic,2021-10-31,1040.8343098106393,5.0,"Прекрасное качество товара, рекомендую",0
100471,42.0,female,Санкт-Петербург,basic,2021-11-10,674.1404256869497,5.0,"Прекрасное качество товара, рекомендую",0
100153,18.0,male,Санкт-Петербург,basic,2023-12-03,782.7203378144508,5.0,Рекомендую этот магазин всем друзьям,0
100427,48.0,female,Казань,premium,2021-10-05,3332.694488455331,3.0,Доставка была средней скорости,0
100595,23.0,male,Санкт-Петербург,standard,2023-06-01,2026.8862018107277,3.0,Доставка была средней скорости,0
100227,68.0,female,Санкт-Петербург,basic,2024-12-16,987.0870609851481,4.0,"Быстрая доставка, буду заказывать ещё",0
100433,36.0,male,Нижний Новгород,premium,2024-01-13,3942.935533673471,4.0,"Быстрая доставка, буду заказывать ещё",0
100544,36.0,male,Санкт-Петербург,basic,2023-06-29,414.78656503905836,4.0,"Отличный сервис, всё понравилось!",0
100104,47.0,male,Нижний Новгород,basic,2023-12-25,,5.0,"Быстрая доставка, буду заказывать ещё",0
100514,37.0,male,Москва,premium,2022-04-26,3583.022624674252,4.0,"Отличный сервис, всё понравилось!",1
100075,40.0,male,Москва,basic,2021-09-25,793.4159949959063,4.0,"Отличный сервис, всё понравилось!",1
100116,32.0,male,Москва,standard,2022-02-21,2543.7411862602835,3.0,"Могло быть и лучше, но сойдёт",0
100408,,other,Казань,basic,2021-11-21,660.0814679206238,4.0,"Прекрасное качество товара, рекомендую",0
100429,21.0,female,Новосибирск,basic,2022-07-10,1007.1561772889934,4.0,Рекомендую этот магазин всем друзьям,1
100120,35.0,male,Нижний Новгород,basic,2021-12-15,326.3161576619356,3.0,"Могло быть и лучше, но сойдёт",0
100519,49.0,male,Екатеринбург,standard,2022-08-21,1001.1386564109796,5.0,"Прекрасное качество товара, рекомендую",0
100152,26.0,female,Новосибирск,basic,2022-07-21,599.6357233348396,4.0,"Отличный сервис, всё понравилось!",0
100404,33.0,male,Нижний Новгород,standard,2024-04-01,1495.7710657233692,5.0,"Прекрасное качество товара, рекомендую",0
100638,25.0,male,Екатеринбург,basic,2022-09-03,579.090618500168,5.0,"Прекрасное качество товара, рекомендую",0
100208,23.0,male,Москва,standard,2021-01-04,2476.580486515264,5.0,"Очень доволен покупкой, спасибо магазину",0
100448,34.0,male,Екатеринбург,premium,2022-07-10,3253.957426965586,5.0,"Быстрая доставка, буду заказывать ещё",0
100641,,male,Казань,premium,2023-02-26,1929.3552306546665,5.0,Рекомендую этот магазин всем друзьям,0
100444,54.0,female,Новосибирск,basic,2024-01-26,804.5578847936259,2.0,"Долго ждал доставку, очень разочарован",1
100524,36.0,female,Москва,basic,2021-06-08,273.15590083467,,"Отличный сервис, всё понравилось!",0
100009,38.0,male,Казань,premium,2023-05-10,2038.017221328523,3.0,"Нормально, но есть куда расти",0
100498,34.0,female,Екатеринбург,basic,2021-11-13,782.3651212183039,,Доставка была средней скорости,0
100037,37.0,female,Москва,basic,2024-04-24,645.3306164281481,4.0,"Прекрасное качество товара, рекомендую",0
100140,73.0,female,Санкт-Петербург,basic,2024-04-11,976.5760064672393,5.0,"Отличный сервис, всё понравилось!",0
100254,26.0,male,Казань,basic,2021-04-28,,5.0,Рекомендую этот магазин всем друзьям,0
100304,34.0,other,Санкт-Петербург,basic,2022-01-15,458.70757612636817,3.0,Доставка была средней скорости,1
100639,45.0,female,Москва,basic,2021-07-03,1176.3695472953198,,Доставка была средней скорости,0
100513,39.0,female,Екатеринбург,standard,2022-03-27,1362.7168239123068,4.0,"Очень доволен покупкой, спасибо магазину",0
100369,,male,Новосибирск,basic,2021-10-21,882.080829781045,5.0,"Быстрая доставка, буду заказывать ещё",0
100060,50.0,male,Екатеринбург,premium,2022-07-30,4736.0453900668235,4.0,"Быстрая доставка, буду заказывать ещё",0
100112,41.0,female,Нижний Новгород,standard,2021-08-13,1993.3348348565908,4.0,"Прекрасное качество товара, рекомендую",0
100549,46.0,female,Казань,basic,2022-10-01,926.288484349735,,"Отличный сервис, всё понравилось!",0
100478,24.0,female,Екатеринбург,standard,2021-06-30,1833.1307004114474,4.0,"Быстрая доставка, буду заказывать ещё",1
100468,61.0,male,Нижний Новгород,basic,2022-08-29,,2.0,,0
100263,41.0,male,Москва,standard,2023-02-07,1714.791656624061,4.0,"Прекрасное качество товара, рекомендую",0
100569,45.0,male,Москва,basic,2024-06-27,596.9354873174406,4.0,,0
100298,34.0,male,Санкт-Петербург,premium,2022-06-02,3862.48775856838,4.0,"Прекрасное качество товара, рекомендую",0
100415,35.0,female,Москва,standard,2024-01-13,,3.0,"Могло быть и лучше, но сойдёт",0
100151,36.0,male,Нижний Новгород,basic,2021-02-06,776.987935384167,5.0,,0
100434,16.0,male,Санкт-Петербург,standard,2021-12-25,828.9967272182165,5.0,"Отличный сервис, всё понравилось!",0
100441,36.0,female,Москва,standard,2023-05-08,1630.7856651415138,4.0,"Отличный сервис, всё понравилось!",0
100267,40.0,male,Санкт-Петербург,basic,2022-09-30,767.8334670057523,5.0,"Прекрасное качество товара, рекомендую",1
100588,28.0,female,Москва,standard,2024-12-30,971.6343748537669,4.0,"Прекрасное качество товара, рекомендую",0
100360,,male,Новосибирск,premium,2022-04-26,2389.9424206162657,2.0,"Плохое качество товара, не советую",0
100600,17.0,male,Санкт-Петербург,standard,2023-09-26,1951.7961075700166,,"Нормально, но есть куда расти",0
100039,28.0,male,Новосибирск,standard,2022-05-11,2031.3065344684558,1.0,"Долго ждал доставку, очень разочарован",1
100128,24.0,male,Санкт-Петербург,standard,2024-10-17,2073.8787294320364,3.0,Доставка была средней скорости,0
100424,20.0,male,Екатеринбург,standard,2022-06-27,1357.0387519876797,,"Быстрая доставка, буду заказывать ещё",0
100417,51.0,male,Нижний Новгород,basic,2022-05-31,1034.237587955802,5.0,"Прекрасное качество товара, рекомендую",0
100308,54.0,male,Нижний Новгород,basic,2021-06-20,772.2071576067761,2.0,Обслуживание оставляет желать лучшего,0
100199,38.0,female,Москва,standard,2024-05-15,1954.8764923239537,5.0,"Прекрасное качество товара, рекомендую",0
100352,48.0,female,Казань,standard,2021-03-31,2036.3966090626607,,"Очень доволен покупкой, спасибо магазину",0
100469,51.0,male,Санкт-Петербург,standard,2023-09-26,302.16751356479676,3.0,Доставка была средней скорости,0
100147,31.0,female,Новосибирск,basic,2024-05-28,885.710882305117,3.0,Товар в целом соответствует описанию,0
100451,36.0,female,Санкт-Петербург,standard,2022-04-01,1834.235857986202,4.0,"Отличный сервис, всё понравилось!",0
100628,54.0,female,Нижний Новгород,basic,2024-12-11,885.6215096740059,3.0,Товар в целом соответствует описанию,1
100504,20.0,female,Санкт-Петербург,standard,2023-02-12,1084.6228418954556,5.0,Рекомендую этот магазин всем друзьям,0
100420,54.0,male,Екатеринбург,basic,2023-08-07,916.3144427148086,4.0,"Быстрая доставка, буду заказывать ещё",0
100443,42.0,female,Казань,premium,2021-04-21,2949.1861846003962,4.0,"Прекрасное качество товара, рекомендую",1
100602,31.0,female,Москва,basic,2023-05-09,821.4821599433154,3.0,Товар в целом соответствует описанию,1
100148,36.0,female,Новосибирск,basic,2023-10-03,1061.9800686505932,4.0,"Прекрасное качество товара, рекомендую",0
100533,33.0,male,Москва,standard,2023-08-01,2189.6292968005046,4.0,"Очень доволен покупкой, спасибо магазину",0
100349,19.0,male,Нижний Новгород,premium,2021-01-15,3723.9620094559546,,"Ужасный опыт, больше не закажу",0
100464,16.0,male,Казань,premium,2023-12-28,,4.0,"Прекрасное качество товара, рекомендую",1
100326,47.0,male,Москва,basic,2022-07-17,968.9955539935484,,"Нормально, но есть куда расти",0
100187,40.0,female,Екатеринбург,basic,2023-01-25,984.9677077027432,4.0,"Очень доволен покупкой, спасибо магазину",0
100124,54.0,female,Казань,standard,2022-01-08,2732.6905284782133,2.0,"Долго ждал доставку, очень разочарован",0
100574,27.0,male,Новосибирск,standard,2023-09-11,1648.8738942895834,3.0,"Могло быть и лучше, но сойдёт",0
100097,22.0,female,Санкт-Петербург,premium,2021-11-27,3448.916135873512,5.0,"Очень доволен покупкой, спасибо магазину",0
100144,41.0,male,Нижний Новгород,basic,2022-07-29,776.039700681092,1.0,Не рекомендую этот магазин никому,1
100240,32.0,male,Москва,basic,2021-10-29,,4.0,"Быстрая доставка, буду заказывать ещё",0
100395,46.0,female,Москва,basic,2024-11-23,984.4649037191285,4.0,Рекомендую этот магазин всем друзьям,0
100470,26.0,female,Новосибирск,basic,2023-02-06,650.8491277813342,2.0,"Ужасный опыт, больше не закажу",0
100522,27.0,male,Санкт-Петербург,standard,2024-10-06,1836.8473543281739,1.0,"Долго ждал доставку, очень разочарован",0
100098,26.0,male,Санкт-Петербург,basic,2023-01-02,482.8726228051354,5.0,"Очень доволен покупкой, спасибо магазину",0
100372,54.0,female,Нижний Новгород,basic,2023-10-10,589.6244421960328,2.0,"Ужасный опыт, больше не закажу",0
100325,60.0,male,Москва,standard,2022-10-25,1570.472473789774,,"Быстрая доставка, буду заказывать ещё",1
100280,41.0,female,Нижний Новгород,premium,2022-10-13,2358.982914453845,2.0,"Ужасный опыт, больше не закажу",0
100294,16.0,male,Москва,standard,2021-03-13,1126.2135258222943,3.0,Доставка была средней скорости,0
100255,35.0,male,Санкт-Петербург,standard,2023-04-09,3055.2459592531045,4.0,Рекомендую этот магазин всем друзьям,0
100401,36.0,female,Казань,standard,2021-12-24,2115.1637592587954,3.0,Товар в целом соответствует описанию,0
100123,41.0,female,Москва,basic,2021-09-07,977.511489196775,4.0,"Очень доволен покупкой, спасибо магазину",0
100184,51.0,female,Москва,basic,2021-01-18,1006.1710539626565,1.0,"Долго ждал доставку, очень разочарован",1
100203,39.0,female,Москва,premium,2021-08-22,4130.633399118277,1.0,"Плохое качество товара, не советую",0
100439,30.0,male,Москва,basic,2024-07-17,868.1374402821136,5.0,"Очень доволен покупкой, спасибо магазину",0
100324,47.0,male,Москва,premium,2024-09-27,3239.557824110355,3.0,,0
100247,25.0,female,Казань,basic,2024-10-13,650.3353976889537,3.0,Доставка была средней скорости,0
100416,40.0,male,Москва,basic,2023-09-26,1025.4609012315634,3.0,"Могло быть и лучше, но сойдёт",0
100198,33.0,female,Екатеринбург,basic,2023-12-18,687.0028021338713,4.0,"Прекрасное качество товара, рекомендую",1
100548,26.0,male,Нижний Новгород,premium,2022-07-15,1971.916186711744,4.0,Рекомендую этот магазин всем друзьям,0
100627,33.0,male,Нижний Новгород,standard,2021-08-16,2116.3470243972124,1.0,Не рекомендую этот магазин никому,0
100172,43.0,male,Санкт-Петербург,standard,2021-12-31,1277.5130849146212,1.0,,1
100599,41.0,male,Москва,standard,2022-01-08,,4.0,"Прекрасное качество товара, рекомендую",0
100512,34.0,male,Казань,basic,2023-03-14,354.0217610929915,4.0,"Отличный сервис, всё понравилось!",1
100126,42.0,female,Казань,standard,2023-01-17,1397.8465683245654,3.0,"Нормально, но есть куда расти",0
100403,48.0,male,Санкт-Петербург,standard,2024-04-27,1106.3179643481906,5.0,"Отличный сервис, всё понравилось!",0
100536,46.0,female,Нижний Новгород,basic,2024-12-11,1055.4349246993238,5.0,Рекомендую этот магазин всем друзьям,0
100528,40.0,male,Казань,basic,2021-08-02,534.5995562834917,4.0,"Отличный сервис, всё понравилось!",1
100224,25.0,male,Москва,basic,2023-10-29,856.4287863563997,5.0,"Отличный сервис, всё понравилось!",0
100555,37.0,female,Екатеринбург,standard,2022-12-06,1622.3263217030758,4.0,"Очень доволен покупкой, спасибо магазину",0
100343,39.0,male,Казань,premium,2023-02-19,1805.3527551083387,3.0,"Могло быть и лучше, но сойдёт",0
100054,34.0,male,Санкт-Петербург,basic,2023-12-24,1194.238470424696,5.0,"Очень доволен покупкой, спасибо магазину",0
100220,30.0,male,Москва,basic,2021-09-23,982.0047278345758,4.0,"Отличный сервис, всё понравилось!",0
100130,27.0,female,Москва,standard,2022-07-11,1297.1384333765773,2.0,"Долго ждал доставку, очень разочарован",1
100011,49.0,other,Новосибирск,standard,2024-05-01,1637.736481375258,5.0,Рекомендую этот магазин всем друзьям,0
100516,42.0,female,Москва,basic,2023-03-12,628.8687003940847,4.0,"Прекрасное качество товара, рекомендую",0
100618,41.0,male,Казань,basic,2022-11-20,838.7659165169232,,"Быстрая доставка, буду заказывать ещё",0
100523,54.0,female,Екатеринбург,basic,2022-08-04,790.317827231837,3.0,Товар в целом соответствует описанию,1
100387,43.0,female,Казань,premium,2024-01-05,2837.8948402024917,2.0,"Ужасный опыт, больше не закажу",0
100517,46.0,other,Нижний Новгород,premium,2022-04-29,4209.780666106419,5.0,,0
100510,44.0,male,Москва,standard,2021-05-17,1166.13794100118,4.0,,0
100268,,male,Казань,basic,2023-08-12,,,Рекомендую этот магазин всем друзьям,0
100442,42.0,male,Москва,basic,2021-04-04,638.2755948366655,3.0,Товар в целом соответствует описанию,0
100497,16.0,female,Новосибирск,standard,2024-07-09,1278.9235167983588,,,0
100113,31.0,female,Нижний Новгород,basic,2021-05-07,719.811023988726,4.0,"Прекрасное качество товара, рекомендую",0
100233,42.0,male,Казань,basic,2021-11-08,500.30177343014924,3.0,"Могло быть и лучше, но сойдёт",0
100587,24.0,other,Новосибирск,standard,2024-02-11,1864.208085248697,2.0,"Долго ждал доставку, очень разочарован",1
100374,48.0,female,Нижний Новгород,basic,2021-02-28,825.7876886473559,3.0,Доставка была средней скорости,0
100234,52.0,female,Нижний Новгород,premium,2024-01-22,3520.2070511707566,4.0,"Отличный сервис, всё понравилось!",0
100537,32.0,male,Новосибирск,basic,2023-12-07,565.1741887900557,2.0,"Долго ждал доставку, очень разочарован",1
100318,30.0,female,Москва,basic,2023-10-08,902.9516938705277,4.0,"Очень доволен покупкой, спасибо магазину",0
100411,20.0,female,Москва,basic,2023-03-10,785.3784668700956,3.0,Товар в целом соответствует описанию,0
100604,30.0,male,Екатеринбург,basic,2022-06-18,509.0316096656658,3.0,"Нормально, но есть куда расти",0
100359,28.0,female,Москва,standard,2023-07-24,1761.7392045088914,4.0,"Быстрая доставка, буду заказывать ещё",0
100259,36.0,male,Нижний Новгород,premium,2024-08-16,,4.0,Рекомендую этот магазин всем друзьям,0
100283,49.0,female,Санкт-Петербург,basic,2021-03-22,,4.0,Рекомендую этот магазин всем друзьям,0
100377,36.0,male,Екатеринбург,standard,2022-11-27,2373.7170291843954,4.0,"Очень доволен покупкой, спасибо магазину",0
100385,19.0,female,Санкт-Петербург,basic,2021-06-08,721.7015164102812,3.0,Доставка была средней скорости,1
100225,39.0,male,Санкт-Петербург,premium,2021-05-17,4366.863119837786,4.0,"Очень доволен покупкой, спасибо магазину",0
100643,63.0,female,Новосибирск,premium,2021-01-31,3092.3226558938395,5.0,"Отличный сервис, всё понравилось!",0
100553,42.0,male,Новосибирск,standard,2022-09-17,2524.006144833209,3.0,Доставка была средней скорости,0
100473,35.0,female,Екатеринбург,standard,2023-02-04,1679.4938321116729,3.0,Товар в целом соответствует описанию,0
100348,45.0,female,Казань,basic,2024-12-28,683.6646172282415,4.0,Рекомендую этот магазин всем друзьям,0
100506,31.0,male,Санкт-Петербург,basic,2021-01-02,609.0370779990592,4.0,"Отличный сервис, всё понравилось!",0
100248,60.0,male,Москва,premium,2021-11-25,2694.5535713445297,4.0,"Быстрая доставка, буду заказывать ещё",0
100626,32.0,female,Казань,basic,2021-01-17,,5.0,"Прекрасное качество товара, рекомендую",0
100576,21.0,male,Казань,standard,2022-10-29,968.7860293418784,2.0,"Ужасный опыт, больше не закажу",0
100086,44.0,male,Казань,standard,2022-11-14,1585.2429605149457,3.0,"Нормально, но есть куда расти",1
100243,17.0,female,Новосибирск,basic,2024-01-31,888.7294221533912,3.0,"Нормально, но есть куда расти",0
100160,24.0,female,Нижний Новгород,basic,2024-07-27,916.4727879351537,2.0,"Долго ждал доставку, очень разочарован",0
100525,55.0,female,Нижний Новгород,standard,2023-10-30,629.2254130991299,3.0,"Нормально, но есть куда расти",0
100036,52.0,female,Новосибирск,basic,2022-03-01,494.4914171024642,2.0,Не рекомендую этот магазин никому,0
100541,18.0,female,Москва,basic,2022-08-13,,3.0,"Нормально, но есть куда расти",1
100171,30.0,female,Екатеринбург,premium,2022-03-16,2744.4675837257228,3.0,Товар в целом соответствует описанию,0
100578,53.0,male,Новосибирск,basic,2021-08-15,917.9486215855017,3.0,"Нормально, но есть куда расти",0
100570,40.0,female,Екатеринбург,premium,2021-08-06,43000.0,2.0,"Ужасный опыт, больше не закажу",1
100637,36.0,male,Москва,standard,2023-12-23,,4.0,"Очень доволен покупкой, спасибо магазину",0
100096,21.0,female,Санкт-Петербург,basic,2023-04-30,753.0506406061548,4.0,"Отличный сервис, всё понравилось!",0
100241,,male,Москва,premium,2024-02-05,3596.3757394135046,1.0,"Долго ждал доставку, очень разочарован",0
100461,42.0,male,Екатеринбург,standard,2024-10-29,1685.2437361233242,3.0,"Нормально, но есть куда расти",1
100554,62.0,male,Новосибирск,standard,2024-12-26,2551.484944069883,5.0,"Быстрая доставка, буду заказывать ещё",0
100592,41.0,female,Новосибирск,standard,2021-08-24,2146.2192493120233,4.0,"Быстрая доставка, буду заказывать ещё",0
100207,28.0,male,Екатеринбург,basic,2024-08-05,611.8058495671019,3.0,Доставка была средней скорости,0
100393,32.0,male,Казань,standard,2024-07-06,1408.1343729809134,1.0,Обслуживание оставляет желать лучшего,0
100398,41.0,female,Новосибирск,basic,2023-12-16,622.2762030797313,,"Плохое качество товара, не советую",1
100571,21.0,male,Москва,basic,2023-01-25,573.6416181513465,4.0,Рекомендую этот магазин всем друзьям,0
100218,54.0,female,Санкт-Петербург,standard,2022-11-03,1566.056515972258,5.0,"Отличный сервис, всё понравилось!",0
100005,16.0,male,Новосибирск,basic,2023-09-05,901.1880391783591,4.0,"Прекрасное качество товара, рекомендую",0
100603,53.0,female,Санкт-Петербург,premium,2022-11-25,2972.230669666494,2.0,Обслуживание оставляет желать лучшего,0
100547,40.0,female,Нижний Новгород,standard,2021-07-01,1651.4344349628752,4.0,"Отличный сервис, всё понравилось!",0
100099,43.0,female,Санкт-Петербург,standard,2021-06-27,1385.4051559034249,4.0,"Прекрасное качество товара, рекомендую",0
100407,37.0,female,Москва,basic,2021-07-08,932.9488414388777,4.0,"Очень доволен покупкой, спасибо магазину",0
100503,29.0,male,Новосибирск,premium,2022-04-28,2709.5988233091052,,Товар в целом соответствует описанию,0
100048,41.0,male,Нижний Новгород,basic,2024-12-20,618.747339339915,3.0,Товар в целом соответствует описанию,1
100033,32.0,female,Москва,standard,2022-02-23,2037.8331500688537,3.0,"Могло быть и лучше, но сойдёт",0
100201,42.0,male,Санкт-Петербург,standard,2022-03-26,1165.4246979127206,4.0,"Быстрая доставка, буду заказывать ещё",0
100135,20.0,male,Новосибирск,standard,2022-12-26,2320.593214637061,3.0,"Нормально, но есть куда расти",0
100028,,male,Казань,basic,2023-11-13,885.7675933173617,3.0,Товар в целом соответствует описанию,0
100594,18.0,other,Новосибирск,basic,2023-09-12,680.254988009133,4.0,"Отличный сервис, всё понравилось!",0
100231,20.0,male,Новосибирск,basic,2023-02-19,763.2245695380286,3.0,Доставка была средней скорости,0
100490,46.0,female,Казань,standard,2022-10-31,1900.1017266781435,3.0,Товар в целом соответствует описанию,0
100379,57.0,female,Нижний Новгород,standard,2023-02-01,1789.6685531352282,3.0,Доставка была средней скорости,0
100289,34.0,female,Москва,basic,2022-03-14,377.29054288578925,5.0,"Быстрая доставка, буду заказывать ещё",0
100419,37.0,male,Екатеринбург,premium,2024-10-23,3695.32013769713,5.0,"Отличный сервис, всё понравилось!",0
100392,39.0,male,Екатеринбург,basic,2021-03-20,616.0843160922307,5.0,"Очень доволен покупкой, спасибо магазину",0
100499,16.0,female,Москва,basic,2021-06-24,902.2697472366624,4.0,"Очень доволен покупкой, спасибо магазину",0
100139,62.0,female,Екатеринбург,premium,2024-03-15,3212.7072058896033,3.0,Доставка была средней скорости,0
100063,40.0,male,Москва,standard,2023-02-24,2161.249652353682,4.0,"Очень доволен покупкой, спасибо магазину",0
100472,33.0,female,Новосибирск,standard,2022-04-09,1110.5994360796274,,"Быстрая доставка, буду заказывать ещё",0
100129,30.0,male,Москва,standard,2022-07-22,1327.977747851128,3.0,"Нормально, но есть куда расти",1
100232,31.0,male,Екатеринбург,basic,2021-09-13,602.2086268785256,3.0,"Могло быть и лучше, но сойдёт",0
100521,26.0,female,Екатеринбург,basic,2022-12-21,1201.0690948551794,,"Прекрасное качество товара, рекомендую",0
100065,47.0,male,Казань,standard,2024-01-19,1962.3337083875406,2.0,Обслуживание оставляет желать лучшего,0
100015,44.0,female,Казань,standard,2023-10-18,924.8796990341283,2.0,"Долго ждал доставку, очень разочарован",0
100157,40.0,female,Москва,premium,2021-02-01,2727.442794785229,2.0,"Плохое качество товара, не советую",0
100041,47.0,male,Москва,basic,2024-09-08,866.436735039397,5.0,"Быстрая доставка, буду заказывать ещё",0
100493,35.0,male,Новосибирск,basic,2022-09-25,733.2568896829017,4.0,"Быстрая доставка, буду заказывать ещё",0
100380,33.0,female,Москва,basic,2022-02-17,,4.0,"Отличный сервис, всё понравилось!",1
100188,23.0,male,Нижний Новгород,premium,2023-01-18,4416.918618371748,5.0,"Отличный сервис, всё понравилось!",0
100217,44.0,male,Москва,basic,2023-05-17,1052.6346602277347,1.0,"Плохое качество товара, не советую",1
100053,21.0,female,Санкт-Петербург,standard,2022-07-29,1239.652183232746,3.0,Доставка была средней скорости,0
100338,42.0,male,Нижний Новгород,basic,2023-04-27,861.219690528262,2.0,"Долго ждал доставку, очень разочарован",0
100296,40.0,male,Казань,standard,2024-01-06,1258.2140002321776,4.0,,0
100252,42.0,female,Нижний Новгород,basic,2024-05-07,928.984125014561,2.0,"Долго ждал доставку, очень разочарован",1
100462,28.0,male,Казань,basic,2022-09-23,929.4330927062898,,"Отличный сервис, всё понравилось!",0
100456,40.0,male,Москва,standard,2024-01-12,2410.0254589535866,4.0,Рекомендую этот магазин всем друзьям,0
100055,32.0,male,Москва,standard,2021-04-09,2207.276773834397,5.0,,0
100270,130.0,female,Москва,basic,2024-09-03,1441.2232111416045,2.0,"Долго ждал доставку, очень разочарован",0
100202,55.0,female,Москва,basic,2021-07-19,836.9791981157284,4.0,Рекомендую этот магазин всем друзьям,0
100162,29.0,male,Нижний Новгород,standard,2021-12-02,2026.711926594231,5.0,"Очень доволен покупкой, спасибо магазину",0
100556,34.0,male,Санкт-Петербург,standard,2022-07-08,1630.7093014570503,4.0,"Очень доволен покупкой, спасибо магазину",0
100402,40.0,female,Москва,basic,2021-11-18,702.5279250869635,3.0,,0
100477,51.0,male,Екатеринбург,standard,2024-05-03,1154.4044172212668,4.0,"Отличный сервис, всё понравилось!",0
100106,36.0,male,Москва,standard,2022-05-14,1571.6597356935733,5.0,Рекомендую этот магазин всем друзьям,0
100566,47.0,male,Новосибирск,basic,2023-04-10,1265.8080654036485,,"Плохое качество товара, не советую",0
100390,21.0,male,Санкт-Петербург,basic,2023-09-19,1030.662436668852,3.0,"Могло быть и лучше, но сойдёт",1
100002,26.0,male,Москва,standard,2022-05-16,1409.3467312398045,4.0,"Отличный сервис, всё понравилось!",0
100633,33.0,other,Новосибирск,basic,2024-12-16,957.636446412833,4.0,"Быстрая доставка, буду заказывать ещё",1
100562,42.0,male,Казань,basic,2021-03-26,670.8082171240042,4.0,"Отличный сервис, всё понравилось!",0
100081,43.0,female,Москва,basic,2023-06-06,636.4125073926959,3.0,Товар в целом соответствует описанию,0
100206,37.0,female,Новосибирск,standard,2024-07-27,2049.940944121431,3.0,Товар в целом соответствует описанию,0
100035,45.0,female,Санкт-Петербург,basic,2022-01-22,853.8294558600619,2.0,Обслуживание оставляет желать лучшего,0
100509,31.0,female,Москва,basic,2021-10-12,,5.0,Рекомендую этот магазин всем друзьям,0
100428,59.0,male,Санкт-Петербург,standard,2024-02-23,2121.978217671263,3.0,"Могло быть и лучше, но сойдёт",0
100455,39.0,female,Казань,standard,2023-02-22,1966.7749146408592,4.0,"Прекрасное качество товара, рекомендую",0
100367,29.0,female,Екатеринбург,basic,2021-02-01,1031.8711234409855,,"Очень доволен покупкой, спасибо магазину",0
100092,37.0,male,Нижний Новгород,basic,2022-08-06,653.5762721462927,5.0,"Быстрая доставка, буду заказывать ещё",0
100340,45.0,female,Казань,basic,2023-07-05,580.5016932014357,3.0,Доставка была средней скорости,1
100565,49.0,male,Екатеринбург,basic,2022-07-29,969.0056828295601,5.0,"Быстрая доставка, буду заказывать ещё",0
100346,16.0,other,Екатеринбург,basic,2024-01-30,541.9307887468701,4.0,,0
100242,37.0,male,Санкт-Петербург,premium,2021-09-30,2502.901373421095,4.0,"Отличный сервис, всё понравилось!",1
100014,52.0,male,Москва,basic,2023-07-10,665.4922856493505,4.0,"Прекрасное качество товара, рекомендую",1
100316,34.0,female,Санкт-Петербург,standard,2021-11-13,1453.023002093657,3.0,Доставка была средней скорости,0
100601,44.0,male,Екатеринбург,premium,2022-08-25,3454.907503151813,1.0,"Долго ждал доставку, очень разочарован",0
100388,44.0,male,Санкт-Петербург,standard,2022-02-25,679.9283815527633,3.0,"Нормально, но есть куда расти",0
100274,,female,Нижний Новгород,standard,2022-04-07,1575.2474370514174,5.0,"Прекрасное качество товара, рекомендую",0
100167,49.0,male,Казань,standard,2024-03-15,-800.0,2.0,Обслуживание оставляет желать лучшего,0
100342,42.0,male,Москва,basic,2022-05-31,947.7404690867091,4.0,"Очень доволен покупкой, спасибо магазину",0
100485,37.0,female,Санкт-Петербург,standard,2021-11-24,862.5892892587625,2.0,Обслуживание оставляет желать лучшего,0
100608,43.0,female,Екатеринбург,basic,2023-05-18,1145.7950235210233,4.0,"Прекрасное качество товара, рекомендую",0
100505,16.0,male,Нижний Новгород,basic,2023-02-24,385.6143965302932,2.0,Обслуживание оставляет желать лучшего,0
100244,20.0,male,Санкт-Петербург,basic,2022-12-27,960.4202444686423,5.0,"Быстрая доставка, буду заказывать ещё",0
100567,36.0,male,Москва,basic,2023-06-14,973.09408947195,2.0,,0
100563,39.0,male,Санкт-Петербург,standard,2022-08-19,1581.8775834647054,4.0,Рекомендую этот магазин всем друзьям,0
100190,58.0,female,Москва,premium,2024-03-24,3191.423486823708,4.0,"Быстрая доставка, буду заказывать ещё",0
100476,,male,Москва,standard,2022-08-29,1703.443825264843,4.0,"Прекрасное качество товара, рекомендую",0
100511,19.0,other,Санкт-Петербург,standard,2022-04-05,1475.090257329702,4.0,"Быстрая доставка, буду заказывать ещё",1
100059,28.0,female,Москва,standard,2021-11-01,1709.0381432259837,1.0,"Плохое качество товара, не советую",1
100475,45.0,female,Екатеринбург,standard,2022-08-29,515.5773387627464,3.0,Доставка была средней скорости,0
100561,37.0,male,Москва,basic,2023-05-16,1034.8622872795916,2.0,Не рекомендую этот магазин никому,0
100253,59.0,female,Казань,standard,2021-06-08,2546.654056933031,2.0,Обслуживание оставляет желать лучшего,1
100022,30.0,female,Санкт-Петербург,standard,2021-11-02,1024.4237794502894,5.0,"Очень доволен покупкой, спасибо магазину",0
100314,43.0,female,Екатеринбург,premium,2022-05-29,2649.277096775918,4.0,"Отличный сервис, всё понравилось!",0
100460,38.0,male,Санкт-Петербург,standard,2023-08-23,1723.184502919134,3.0,Товар в целом соответствует описанию,0
100161,26.0,other,Санкт-Петербург,standard,2022-03-31,,5.0,"Прекрасное качество товара, рекомендую",1
100277,29.0,male,Казань,standard,2023-05-14,1924.7749848527321,4.0,"Прекрасное качество товара, рекомендую",0
100192,36.0,male,Москва,basic,2022-06-03,497.88644967575925,4.0,"Прекрасное качество товара, рекомендую",0
100386,28.0,male,Нижний Новгород,basic,2024-09-10,757.405403097539,4.0,Рекомендую этот магазин всем друзьям,1
100414,47.0,male,Москва,standard,2024-04-21,1864.1217966561755,2.0,"Долго ждал доставку, очень разочарован",1
100492,42.0,female,Новосибирск,standard,2021-01-30,1136.793892105835,5.0,"Быстрая доставка, буду заказывать ещё",1
100344,43.0,female,Санкт-Петербург,basic,2023-09-20,692.2693711327076,3.0,Доставка была средней скорости,0
100309,45.0,female,Санкт-Петербург,basic,2024-02-24,1054.0526758740357,5.0,"Очень доволен покупкой, спасибо магазину",0
100131,-5.0,male,Санкт-Петербург,premium,2021-03-30,4214.901699431712,4.0,"Очень доволен покупкой, спасибо магазину",0
100100,27.0,female,Москва,premium,2022-11-21,3402.1132839576767,4.0,"Очень доволен покупкой, спасибо магазину",0
100373,48.0,male,Екатеринбург,basic,2022-09-04,719.0168590145181,,"Могло быть и лучше, но сойдёт",0
100088,38.0,female,Москва,basic,2023-06-16,828.5897430479066,4.0,,0
100459,42.0,male,Казань,premium,2022-11-08,2976.9274501982995,4.0,"Отличный сервис, всё понравилось!",0
100331,56.0,male,Казань,basic,2022-11-02,1089.98307811532,5.0,"Прекрасное качество товара, рекомендую",1
100215,34.0,other,Москва,standard,2023-03-18,,4.0,"Очень доволен покупкой, спасибо магазину",0
100467,34.0,female,Екатеринбург,standard,2024-12-01,1213.2552800258597,4.0,"Отличный сервис, всё понравилось!",0
100122,,female,Екатеринбург,basic,2023-09-08,735.104826607194,5.0,"Быстрая доставка, буду заказывать ещё",0
100615,28.0,female,Санкт-Петербург,premium,2024-09-12,4469.250458315338,3.0,Доставка была средней скорости,1
100021,36.0,female,Санкт-Петербург,basic,2023-06-18,804.8089498079148,1.0,Обслуживание оставляет желать лучшего,1
100072,24.0,female,Новосибирск,basic,2022-07-30,844.2480097221594,2.0,Обслуживание оставляет желать лучшего,1
100107,27.0,female,Москва,basic,2023-08-14,1373.653450556433,3.0,"Могло быть и лучше, но сойдёт",0
100271,29.0,female,Москва,standard,2023-06-15,1473.530919914063,4.0,"Отличный сервис, всё понравилось!",0
100436,31.0,female,Москва,basic,2021-11-02,839.7237108840229,3.0,"Нормально, но есть куда расти",0
100103,34.0,female,Санкт-Петербург,basic,2023-10-12,1132.0928866863198,4.0,"Отличный сервис, всё понравилось!",0
